Epoch,TimeCost(sec),Success,CollisionsAvg,ExRewardAvg,s_v,c_v,r_v,r_v_2,s+,s-,c+,c-,e+,e-
1/300,87.78,0.22,0.35,-86.71,0.002,0.1,10.64,3.26 ,0.222,0.218,0.45,0.25,-83.45,-89.97
2/300,84.08,0.17,0.42,-90.51,0,0.13,1.11,1.05 ,0.17,0.17,0.55,0.29,-89.46,-91.56
3/300,85.74,0.2,0.17,-88.6,0,0.03,2.75,1.66 ,0.2,0.2,0.2,0.14,-86.94,-90.26
4/300,82.9,0.19,0.48,-89.03,0.002,0.21,9,3.00 ,0.192,0.188,0.69,0.27,-86.03,-92.03
5/300,84.72,0.23,0.59,-86.4,0.004,0.25,25.19,5.02 ,0.234,0.226,0.84,0.34,-81.38,-91.42
6/300,83.67,0.18,0.16,-89.61,0.001,0.07,6.41,2.53 ,0.181,0.179,0.23,0.09,-87.08,-92.14
7/300,83.63,0.21,0.52,-87.99,0.001,0.24,9.36,3.06 ,0.211,0.209,0.76,0.28,-84.93,-91.05
8/300,83.9,0.23,0.1,-85.77,0.004,0.01,19.85,4.46 ,0.234,0.226,0.11,0.09,-81.31,-90.23
9/300,83.52,0.2,0.22,-88.08,0.001,0.02,7.37,2.71 ,0.201,0.199,0.24,0.2,-85.37,-90.79
10/300,83.83,0.22,0.66,-87.46,0.004,0.34,24.34,4.93 ,0.224,0.216,1,0.32,-82.53,-92.39
11/300,85.27,0.22,0.04,-86.85,0.003,0,17.27,4.16 ,0.223,0.217,0.04,0.04,-82.69,-91.01
12/300,85.63,0.22,0.1,-86.79,0.004,0.02,25.04,5.00 ,0.224,0.216,0.12,0.08,-81.79,-91.79
13/300,84.02,0.22,0.12,-86.72,0.001,0.04,7.56,2.75 ,0.221,0.219,0.16,0.08,-83.97,-89.47
14/300,86.46,0.22,0.07,-86.53,0.001,0.02,5.61,2.37 ,0.221,0.219,0.09,0.05,-84.16,-88.9
15/300,84,0.2,0.49,-88.74,0.002,0.15,11.89,3.45 ,0.202,0.198,0.64,0.34,-85.29,-92.19
16/300,84.5,0.2,0.11,-88,0.004,0.04,23.56,4.85 ,0.204,0.196,0.15,0.07,-83.15,-92.85
17/300,86.08,0.15,0.05,-92.23,0,0,2.16,1.47 ,0.15,0.15,0.05,0.05,-90.76,-93.7
18/300,85.71,0.25,0.37,-84.88,0.001,0.17,3.3,1.82 ,0.251,0.249,0.54,0.2,-83.06,-86.7
19/300,84.25,0.27,0.25,-82.84,0.003,0.14,17.71,4.21 ,0.273,0.267,0.39,0.11,-78.63,-87.05
20/300,84.31,0.23,0.14,-86.33,0.005,0.05,29.95,5.47 ,0.235,0.225,0.19,0.09,-80.86,-91.8
21/300,83.95,0.25,0.27,-84.55,0.003,0.22,19.06,4.37 ,0.253,0.247,0.49,0.05,-80.18,-88.92
22/300,83.51,0.2,0.19,-88.57,0,0.07,0.25,0.50 ,0.2,0.2,0.26,0.12,-88.07,-89.07
23/300,85.23,0.23,0.02,-86.22,0,0,0.72,0.85 ,0.23,0.23,0.02,0.02,-85.37,-87.07
24/300,85.63,0.17,0.21,-90.78,0,0.08,1.8,1.34 ,0.17,0.17,0.29,0.13,-89.44,-92.12
25/300,85.33,0.26,0.39,-83.51,0.001,0.03,8.67,2.94 ,0.261,0.259,0.42,0.36,-80.57,-86.45
26/300,84.63,0.22,0.05,-86.98,0,0.01,2.25,1.50 ,0.22,0.22,0.06,0.04,-85.48,-88.48
27/300,86.71,0.22,0.42,-86.74,0.002,0.23,9.97,3.16 ,0.222,0.218,0.65,0.19,-83.58,-89.9
28/300,84.69,0.22,0.66,-87.06,0.002,1.11,10.36,3.22 ,0.222,0.218,1.77,0,-83.84,-90.28
29/300,84.54,0.21,0.29,-87.72,0.006,0.07,35.96,6.00 ,0.216,0.204,0.36,0.22,-81.72,-93.72
30/300,85.12,0.23,0.35,-86.01,0.001,0.13,7.99,2.83 ,0.231,0.229,0.48,0.22,-83.18,-88.84
31/300,84.45,0.15,0.43,-92.22,0.001,0.45,4.96,2.23 ,0.151,0.149,0.88,0,-89.99,-94.45
32/300,82.97,0.2,0.05,-88.56,0.001,0.01,3.73,1.93 ,0.201,0.199,0.06,0.04,-86.63,-90.49
33/300,84.32,0.2,0.26,-88.4,0.002,0.06,11.68,3.42 ,0.202,0.198,0.32,0.2,-84.98,-91.82
34/300,83.91,0.22,0.13,-87.05,0.001,0.02,3.6,1.90 ,0.221,0.219,0.15,0.11,-85.15,-88.95
35/300,83.96,0.25,0.08,-84.58,0.001,0.01,8.72,2.95 ,0.251,0.249,0.09,0.07,-81.63,-87.53
36/300,84.46,0.22,1,-86.96,0.001,0.83,6.18,2.49 ,0.221,0.219,1.83,0.17,-84.47,-89.45
37/300,86.58,0.22,0.12,-86.42,0.001,0.03,4.56,2.14 ,0.221,0.219,0.15,0.09,-84.28,-88.56
38/300,85.43,0.17,0.05,-90.42,0.001,0.01,6.45,2.54 ,0.171,0.169,0.06,0.04,-87.88,-92.96
39/300,85.78,0.24,0.17,-84.97,0.001,0.03,8.69,2.95 ,0.241,0.239,0.2,0.14,-82.02,-87.92
40/300,84.73,0.2,0.01,-88.12,0.001,0,7.22,2.69 ,0.201,0.199,0.01,0.01,-85.43,-90.81
41/300,84.98,0.2,0.31,-88.74,0.002,0.09,13.26,3.64 ,0.202,0.198,0.4,0.22,-85.1,-92.38
42/300,86.41,0.22,0.3,-87.22,0.002,0.27,10.09,3.18 ,0.222,0.218,0.57,0.03,-84.04,-90.4
43/300,83.63,0.24,0.21,-85.13,0.003,0.01,16.26,4.03 ,0.243,0.237,0.22,0.2,-81.1,-89.16
44/300,85.88,0.26,0.39,-83.96,0.003,0.42,19.21,4.38 ,0.263,0.257,0.81,0,-79.58,-88.34
45/300,85.16,0.21,0.24,-87.46,0.001,0.05,6.29,2.51 ,0.211,0.209,0.29,0.19,-84.95,-89.97
46/300,87.33,0.21,0.08,-88.13,0,0,1.57,1.25 ,0.21,0.21,0.08,0.08,-86.88,-89.38
47/300,84.59,0.17,0.2,-90.69,0.001,0.12,4.04,2.01 ,0.171,0.169,0.32,0.08,-88.68,-92.7
48/300,85.85,0.26,0.01,-83.53,0.002,0,9.68,3.11 ,0.262,0.258,0.01,0.01,-80.42,-86.64
49/300,85.41,0.2,0.02,-88.61,0,0,0.22,0.47 ,0.2,0.2,0.02,0.02,-88.14,-89.08
50/300,85.23,0.22,0.24,-86.58,0,0.12,0.96,0.98 ,0.22,0.22,0.36,0.12,-85.6,-87.56
51/300,86.89,0.23,0.49,-86.2,0.001,0.22,8.87,2.98 ,0.231,0.229,0.71,0.27,-83.22,-89.18
52/300,85.61,0.21,0.24,-87.66,0.003,0.17,18.67,4.32 ,0.213,0.207,0.41,0.07,-83.34,-91.98
53/300,86,0.19,0.46,-89.25,0,0.16,2.22,1.49 ,0.19,0.19,0.62,0.3,-87.76,-90.74
54/300,85.07,0.21,0.24,-88.03,0.002,0.04,15.6,3.95 ,0.212,0.208,0.28,0.2,-84.08,-91.98
55/300,83.42,0.21,0.12,-87.58,0,0.02,2.8,1.67 ,0.21,0.21,0.14,0.1,-85.91,-89.25
56/300,86.87,0.22,0.51,-86.79,0.003,0.23,15.77,3.97 ,0.223,0.217,0.74,0.28,-82.82,-90.76
57/300,85.11,0.16,0.28,-91.29,0.001,0.24,2.68,1.64 ,0.161,0.159,0.52,0.04,-89.65,-92.93
58/300,86.83,0.23,0.05,-85.93,0.001,0,4.55,2.13 ,0.231,0.229,0.05,0.05,-83.8,-88.06
59/300,85.07,0.21,0.44,-87.59,0.004,0.09,21.16,4.60 ,0.214,0.206,0.53,0.35,-82.99,-92.19
60/300,85.17,0.23,0.37,-86.25,0.001,0.17,6.07,2.46 ,0.231,0.229,0.54,0.2,-83.79,-88.71
61/300,84.63,0.2,0.07,-88.18,0.003,0.01,14.77,3.84 ,0.203,0.197,0.08,0.06,-84.34,-92.02
62/300,85.17,0.23,0.57,-86.01,0,0.66,1.78,1.33 ,0.23,0.23,1.23,0,-84.68,-87.34
63/300,85.24,0.22,0.8,-86.83,0,0.3,0.43,0.66 ,0.22,0.22,1.1,0.5,-86.17,-87.49
64/300,86.78,0.2,0.48,-88.84,0.001,0.12,4.55,2.13 ,0.201,0.199,0.6,0.36,-86.71,-90.97
65/300,86.67,0.25,0.11,-84.53,0.006,0.03,35.81,5.98 ,0.256,0.244,0.14,0.08,-78.55,-90.51
66/300,86.08,0.27,0.11,-82.81,0.001,0.03,5.18,2.28 ,0.271,0.269,0.14,0.08,-80.53,-85.09
67/300,85.03,0.24,0.08,-84.9,0.001,0,4.1,2.02 ,0.241,0.239,0.08,0.08,-82.88,-86.92
68/300,85.85,0.21,0.29,-87.33,0.003,0.15,21.57,4.64 ,0.213,0.207,0.44,0.14,-82.69,-91.97
69/300,85.51,0.23,0.75,-86.58,0.002,0.96,9.98,3.16 ,0.232,0.228,1.71,0,-83.42,-89.74
70/300,87.9,0.23,0.11,-85.72,0.004,0.01,24.67,4.97 ,0.234,0.226,0.12,0.1,-80.75,-90.69
71/300,86.77,0.26,0.17,-83.75,0.001,0.02,1.52,1.23 ,0.261,0.259,0.19,0.15,-82.52,-84.98
72/300,86.59,0.25,0.12,-84.86,0.002,0.03,10.06,3.17 ,0.252,0.248,0.15,0.09,-81.69,-88.03
73/300,86.54,0.22,0.02,-86.46,0.002,0,10.16,3.19 ,0.222,0.218,0.02,0.02,-83.27,-89.65
74/300,86.54,0.22,0.12,-86.76,0.001,0.02,3.89,1.97 ,0.221,0.219,0.14,0.1,-84.79,-88.73
75/300,86.94,0.24,0.04,-85.12,0.001,0,5.59,2.36 ,0.241,0.239,0.04,0.04,-82.76,-87.48
76/300,85.34,0.21,0.52,-87.73,0.002,0.27,12.11,3.48 ,0.212,0.208,0.79,0.25,-84.25,-91.21
77/300,86.93,0.2,0.09,-88.03,0.001,0.02,9.4,3.07 ,0.201,0.199,0.11,0.07,-84.96,-91.1
78/300,86.04,0.23,0.5,-86.43,0,0.56,0.81,0.90 ,0.23,0.23,1.06,0,-85.53,-87.33
79/300,85.49,0.27,0.37,-82.74,0.003,0.05,15.51,3.94 ,0.273,0.267,0.42,0.32,-78.8,-86.68
80/300,85.89,0.24,0.29,-85.67,0.001,0.06,2.87,1.69 ,0.241,0.239,0.35,0.23,-83.98,-87.36
81/300,86.06,0.24,0.29,-85.71,0.003,0.04,20.61,4.54 ,0.243,0.237,0.33,0.25,-81.17,-90.25
82/300,87.11,0.23,0.24,-86.48,0,0.06,0.88,0.94 ,0.23,0.23,0.3,0.18,-85.54,-87.42
83/300,86.8,0.22,0.04,-87.19,0.003,0,14.17,3.76 ,0.223,0.217,0.04,0.04,-83.43,-90.95
84/300,88.71,0.21,0.62,-87.71,0,0.21,1.31,1.14 ,0.21,0.21,0.83,0.41,-86.57,-88.85
85/300,87.74,0.23,0.27,-86.32,0,0.09,0.23,0.48 ,0.23,0.23,0.36,0.18,-85.84,-86.8
86/300,86.18,0.22,0.37,-86.88,0.003,0.2,13.36,3.66 ,0.223,0.217,0.57,0.17,-83.22,-90.54
87/300,87.22,0.25,0.22,-84.95,0.004,0.08,23.02,4.80 ,0.254,0.246,0.3,0.14,-80.15,-89.75
88/300,87.8,0.24,0.73,-85.46,0.003,0.18,16.88,4.11 ,0.243,0.237,0.91,0.55,-81.35,-89.57
89/300,87.85,0.28,0.42,-82.61,0,0.13,2.47,1.57 ,0.28,0.28,0.55,0.29,-81.04,-84.18
90/300,87.1,0.2,0.32,-88.8,0.005,0.08,29.85,5.46 ,0.205,0.195,0.4,0.24,-83.34,-94.26
91/300,86.92,0.2,0.68,-88.97,0.001,0.01,8.42,2.90 ,0.201,0.199,0.69,0.67,-86.07,-91.87
92/300,86.98,0.22,0.29,-86.92,0.003,0.19,19.97,4.47 ,0.223,0.217,0.48,0.1,-82.45,-91.39
93/300,85.06,0.22,0.45,-87.2,0.006,0.13,31.08,5.57 ,0.226,0.214,0.58,0.32,-81.63,-92.77
94/300,86.95,0.24,0.2,-85.5,0.003,0.07,15.72,3.96 ,0.243,0.237,0.27,0.13,-81.54,-89.46
95/300,88.28,0.22,0.14,-86.69,0.001,0.03,9.79,3.13 ,0.221,0.219,0.17,0.11,-83.56,-89.82
96/300,86.34,0.2,0.12,-88.13,0,0.02,0.21,0.46 ,0.2,0.2,0.14,0.1,-87.67,-88.59
97/300,86.38,0.24,0.27,-85.45,0.003,0.02,22.52,4.75 ,0.243,0.237,0.29,0.25,-80.7,-90.2
98/300,86.87,0.28,0.04,-82.2,0.005,0,30.77,5.55 ,0.285,0.275,0.04,0.04,-76.65,-87.75
99/300,84.95,0.2,0.07,-88.06,0.005,0.01,23.69,4.87 ,0.205,0.195,0.08,0.06,-83.19,-92.93
100/300,86.37,0.21,0.58,-88.24,0,0.49,1.46,1.21 ,0.21,0.21,1.07,0.09,-87.03,-89.45
101/300,87.79,0.24,0.23,-85.6,0.002,0.09,9.22,3.04 ,0.242,0.238,0.32,0.14,-82.56,-88.64
102/300,85.67,0.22,0.43,-87.14,0,0.07,1.03,1.01 ,0.22,0.22,0.5,0.36,-86.13,-88.15
103/300,87.41,0.27,0.2,-83.43,0.001,0.03,7.11,2.67 ,0.271,0.269,0.23,0.17,-80.76,-86.1
104/300,88.52,0.24,0.17,-85.29,0.001,0.05,5.37,2.32 ,0.241,0.239,0.22,0.12,-82.97,-87.61
105/300,89.82,0.2,0.39,-88.38,0.001,0.1,4.87,2.21 ,0.201,0.199,0.49,0.29,-86.17,-90.59
106/300,85.69,0.26,0.21,-84.04,0,0.06,1.55,1.24 ,0.26,0.26,0.27,0.15,-82.8,-85.28
107/300,86.87,0.27,0.43,-82.96,0.002,0.04,10.21,3.20 ,0.272,0.268,0.47,0.39,-79.76,-86.16
108/300,87.72,0.23,0.18,-85.98,0.001,0.01,6.24,2.50 ,0.231,0.229,0.19,0.17,-83.48,-88.48
109/300,86.78,0.26,0.95,-84.45,0.001,0.12,2.93,1.71 ,0.261,0.259,1.07,0.83,-82.74,-86.16
110/300,88.6,0.22,1.36,-87.41,0.005,2.43,40.59,6.37 ,0.225,0.215,3.79,0,-81.04,-93.78
111/300,89.03,0.23,0.59,-86.69,0,0.6,1.99,1.41 ,0.23,0.23,1.19,0,-85.28,-88.1
112/300,87.03,0.2,0.52,-88.2,0.002,0.18,10.04,3.17 ,0.202,0.198,0.7,0.34,-85.03,-91.37
113/300,88.29,0.25,0.6,-85.17,0.001,0.21,8.48,2.91 ,0.251,0.249,0.81,0.39,-82.26,-88.08
114/300,89.68,0.22,1.73,-87.56,0.002,2.25,12.98,3.60 ,0.222,0.218,3.98,0,-83.96,-91.16
115/300,87.02,0.23,0.99,-86.62,0,0.54,1.2,1.10 ,0.23,0.23,1.53,0.45,-85.52,-87.72
116/300,90.23,0.25,1.13,-85.45,0,1.99,0.52,0.72 ,0.25,0.25,3.12,0,-84.73,-86.17
117/300,88.64,0.23,0.48,-86.27,0,0.19,1.74,1.32 ,0.23,0.23,0.67,0.29,-84.95,-87.59
118/300,87.39,0.25,0.59,-84.85,0.005,0.48,36.53,6.04 ,0.255,0.245,1.07,0.11,-78.81,-90.89
119/300,90.36,0.23,1.11,-86.63,0.008,1.04,48.21,6.94 ,0.238,0.222,2.15,0.07,-79.69,-93.57
120/300,88.75,0.22,0.36,-86.97,0.002,0.05,14.23,3.77 ,0.222,0.218,0.41,0.31,-83.2,-90.74
121/300,88.99,0.23,0.36,-86.75,0.003,0.39,21.52,4.64 ,0.233,0.227,0.75,0,-82.11,-91.39
122/300,87.93,0.23,0.98,-86.54,0.001,0.68,4.02,2.00 ,0.231,0.229,1.66,0.3,-84.54,-88.54
123/300,88.88,0.27,1.05,-83.66,0.001,0.82,3.8,1.95 ,0.271,0.269,1.87,0.23,-81.71,-85.61
124/300,88.92,0.28,1.03,-82.71,0.001,1.2,2.83,1.68 ,0.281,0.279,2.23,0,-81.03,-84.39
125/300,88.36,0.25,0.97,-84.83,0.001,2.41,5.69,2.39 ,0.251,0.249,3.38,0,-82.44,-87.22
126/300,87.11,0.25,1.06,-85.51,0.004,1.26,24.76,4.98 ,0.254,0.246,2.32,0,-80.53,-90.49
127/300,87.5,0.31,0.81,-80.63,0.005,0.63,37.99,6.16 ,0.315,0.305,1.44,0.18,-74.47,-86.79
128/300,87.48,0.27,0.87,-83.39,0.004,0.83,19.68,4.44 ,0.274,0.266,1.7,0.04,-78.95,-87.83
129/300,88.41,0.27,0.63,-84.06,0.004,0.12,26.8,5.18 ,0.274,0.266,0.75,0.51,-78.88,-89.24
130/300,86.99,0.24,0.08,-85.68,0.002,0,7.33,2.71 ,0.242,0.238,0.08,0.08,-82.97,-88.39
131/300,88.8,0.22,0.66,-87.88,0.003,0.62,22.8,4.77 ,0.223,0.217,1.28,0.04,-83.11,-92.65
132/300,89.65,0.25,0.6,-84.61,0.001,0.23,5.55,2.36 ,0.251,0.249,0.83,0.37,-82.25,-86.97
133/300,88.85,0.22,0.26,-86.57,0.001,0.02,5.83,2.41 ,0.221,0.219,0.28,0.24,-84.16,-88.98
134/300,87.63,0.22,0.47,-86.98,0,0.01,1.62,1.27 ,0.22,0.22,0.48,0.46,-85.71,-88.25
135/300,87.52,0.23,0.51,-87.21,0.004,0.26,22.11,4.70 ,0.234,0.226,0.77,0.25,-82.51,-91.91
136/300,89.54,0.28,0.83,-83.03,0.011,0.16,60.17,7.76 ,0.291,0.269,0.99,0.67,-75.27,-90.79
137/300,88.39,0.31,0.46,-81.22,0,0.04,0.86,0.93 ,0.31,0.31,0.5,0.42,-80.29,-82.15
138/300,88.65,0.26,0.73,-84.09,0,0.18,0.22,0.47 ,0.26,0.26,0.91,0.55,-83.62,-84.56
139/300,87.99,0.28,0.14,-82.33,0.001,0.02,3.17,1.78 ,0.281,0.279,0.16,0.12,-80.55,-84.11
140/300,89.17,0.28,0.74,-82.77,0,0.05,1.19,1.09 ,0.28,0.28,0.79,0.69,-81.68,-83.86
141/300,87.57,0.23,0.52,-86.05,0.002,0.3,9.44,3.07 ,0.232,0.228,0.82,0.22,-82.98,-89.12
142/300,88.44,0.26,0.78,-83.77,0,0.16,2.05,1.43 ,0.26,0.26,0.94,0.62,-82.34,-85.2
143/300,88.76,0.31,0.32,-81.3,0,0.02,3.33,1.82 ,0.31,0.31,0.34,0.3,-79.48,-83.12
144/300,88.37,0.3,0.45,-81.66,0.002,0.26,17.19,4.15 ,0.302,0.298,0.71,0.19,-77.51,-85.81
145/300,88.92,0.31,0.79,-80.18,0,0.25,5.97,2.44 ,0.31,0.31,1.04,0.54,-77.74,-82.62
146/300,89.71,0.3,0.64,-81.01,0.002,0.3,8.57,2.93 ,0.302,0.298,0.94,0.34,-78.08,-83.94
147/300,89.03,0.26,0.37,-84.36,0,0.13,1.04,1.02 ,0.26,0.26,0.5,0.24,-83.34,-85.38
148/300,89.27,0.29,0.35,-82.09,0.006,0.25,26.89,5.19 ,0.296,0.284,0.6,0.1,-76.9,-87.28
149/300,89.69,0.35,0.34,-76.79,0.004,0.09,28.26,5.32 ,0.354,0.346,0.43,0.25,-71.47,-82.11
150/300,89.74,0.27,0.41,-82.02,0.004,0.04,15.32,3.91 ,0.274,0.266,0.45,0.37,-78.11,-85.93
151/300,88.95,0.32,0.23,-78.75,0,0.01,1.84,1.36 ,0.32,0.32,0.24,0.22,-77.39,-80.11
152/300,91.01,0.28,0.88,-82.02,0.011,0.01,79.71,8.93 ,0.291,0.269,0.89,0.87,-73.09,-90.95
153/300,90.57,0.33,0.62,-78.53,0.001,0.07,4.78,2.19 ,0.331,0.329,0.69,0.55,-76.34,-80.72
154/300,91,0.36,0.32,-75.85,0.018,0.2,143.59,11.98 ,0.378,0.342,0.52,0.12,-63.87,-87.83
155/300,90.67,0.4,0.5,-72.82,0.005,0.48,54.23,7.36 ,0.405,0.395,0.98,0.02,-65.46,-80.18
156/300,90.38,0.37,0.32,-76.02,0.003,0.21,30.34,5.51 ,0.373,0.367,0.53,0.11,-70.51,-81.53
157/300,90.96,0.39,0.75,-74.37,0.023,0.11,121.6,11.03 ,0.413,0.367,0.86,0.64,-63.34,-85.4
158/300,92.83,0.45,0.48,-66.55,0.027,0.28,229.62,15.15 ,0.477,0.423,0.76,0.2,-51.4,-81.7
159/300,93.57,0.46,0.41,-67.93,0.052,0.13,373.13,19.32 ,0.512,0.408,0.54,0.28,-48.61,-87.25
160/300,93.78,0.37,0.32,-72.81,0.043,0.09,265.69,16.30 ,0.413,0.327,0.41,0.23,-56.51,-89.11
161/300,93.31,0.45,0.25,-68.07,0.073,0.16,440,20.98 ,0.523,0.377,0.41,0.09,-47.09,-89.05
162/300,93.94,0.48,0.34,-62.36,0.061,0.14,570.6,23.89 ,0.541,0.419,0.48,0.2,-38.47,-86.25
163/300,94.04,0.54,0.61,-60.38,0.089,0.96,698.64,26.43 ,0.629,0.451,1.57,0,-33.95,-86.81
164/300,92.67,0.52,0.28,-61.91,0.098,0.03,765.85,27.67 ,0.618,0.422,0.31,0.25,-34.24,-89.58
165/300,94.18,0.54,0.25,-58.77,0.075,0.12,698.97,26.44 ,0.615,0.465,0.37,0.13,-32.33,-85.21
166/300,93.09,0.46,1.59,-65.85,0.086,7.43,765.25,27.66 ,0.546,0.374,9.02,0,-38.19,-93.51
167/300,92.26,0.53,0.28,-59.66,0.085,0.11,705.73,26.57 ,0.615,0.445,0.39,0.17,-33.09,-86.23
168/300,93.39,0.6,0.34,-54.65,0.082,0.27,741.95,27.24 ,0.682,0.518,0.61,0.07,-27.41,-81.89
169/300,91.56,0.41,0.44,-71.18,0.011,0.15,78.82,8.88 ,0.421,0.399,0.59,0.29,-62.3,-80.06
170/300,95.36,0.56,0.37,-59.87,0.05,0.11,342.86,18.52 ,0.61,0.51,0.48,0.26,-41.35,-78.39
171/300,94.08,0.56,0.07,-58.2,0.066,0.01,420.39,20.50 ,0.626,0.494,0.08,0.06,-37.7,-78.7
172/300,94.19,0.58,0.08,-56.51,0.068,0.02,417.42,20.43 ,0.648,0.512,0.1,0.06,-36.08,-76.94
173/300,94.09,0.66,0.1,-51.15,0.066,0.02,422.7,20.56 ,0.726,0.594,0.12,0.08,-30.59,-71.71
174/300,95.63,0.68,0.7,-50.25,0.076,1.46,519.18,22.79 ,0.756,0.604,2.16,0,-27.46,-73.04
175/300,95.48,0.61,0.52,-54,0.052,0.78,484.27,22.01 ,0.662,0.558,1.3,0,-31.99,-76.01
176/300,96.24,0.57,0.07,-54.94,0.047,0.01,402.37,20.06 ,0.617,0.523,0.08,0.06,-34.88,-75
177/300,95.25,0.65,0.15,-49.61,0.051,0.01,479.54,21.90 ,0.701,0.599,0.16,0.14,-27.71,-71.51
178/300,98.18,0.72,0.4,-42.62,0.018,0.47,270.78,16.46 ,0.738,0.702,0.87,0,-26.16,-59.08
179/300,96.89,0.62,0.01,-47.54,0.1,0,588.34,24.26 ,0.72,0.52,0.01,0.01,-23.28,-71.8
180/300,98.29,0.71,1.52,-45.51,0.119,4.73,857.48,29.28 ,0.829,0.591,6.25,0,-16.23,-74.79
181/300,95.99,0.4,0.82,-69.75,0.02,0.02,244.68,15.64 ,0.42,0.38,0.84,0.8,-54.11,-85.39
182/300,97.47,0.47,0.16,-62.43,0.024,0,163.71,12.79 ,0.494,0.446,0.16,0.16,-49.64,-75.22
183/300,98.36,0.56,0.13,-59.7,0.023,0.03,155.41,12.47 ,0.583,0.537,0.16,0.1,-47.23,-72.17
184/300,96.93,0.66,0.32,-49.74,0.008,0.29,93.72,9.68 ,0.668,0.652,0.61,0.03,-40.06,-59.42
185/300,99.19,0.69,0.22,-45.56,0.006,0.13,29.8,5.46 ,0.696,0.684,0.35,0.09,-40.1,-51.02
186/300,98.75,0.68,0.24,-46.22,0.006,0.17,52.01,7.21 ,0.686,0.674,0.41,0.07,-39.01,-53.43
187/300,98.5,0.74,0.48,-42.18,0.002,0.48,5.4,2.32 ,0.742,0.738,0.96,0,-39.86,-44.5
188/300,99.97,0.77,0.07,-39.43,0.005,0.01,2.53,1.59 ,0.775,0.765,0.08,0.06,-37.84,-41.02
189/300,100.79,0.69,0.13,-43.4,0.063,0.04,516.27,22.72 ,0.753,0.627,0.17,0.09,-20.68,-66.12
190/300,99.58,0.72,0.61,-41.15,0.05,0.92,396.72,19.92 ,0.77,0.67,1.53,0,-21.23,-61.07
191/300,101.18,0.73,0.09,-41.27,0.063,0.01,339.69,18.43 ,0.793,0.667,0.1,0.08,-22.84,-59.7
192/300,99.39,0.59,0.5,-51.79,0.044,0.34,470.7,21.70 ,0.634,0.546,0.84,0.16,-30.09,-73.49
193/300,99.92,0.6,0.52,-50.71,0.044,0.81,406.14,20.15 ,0.644,0.556,1.33,0,-30.56,-70.86
194/300,100.57,0.61,0.4,-49.14,0.055,0.42,579.11,24.06 ,0.665,0.555,0.82,0,-25.08,-73.2
195/300,100.34,0.63,0.49,-48.93,0.051,0.33,473.73,21.77 ,0.681,0.579,0.82,0.16,-27.16,-70.7
196/300,101.55,0.65,0.57,-48.51,0.046,0.26,434.84,20.85 ,0.696,0.604,0.83,0.31,-27.66,-69.36
197/300,100.22,0.69,0.17,-44.91,0.038,0.08,379.12,19.47 ,0.728,0.652,0.25,0.09,-25.44,-64.38
198/300,101.98,0.7,0.26,-41.55,0.045,0.07,466.44,21.60 ,0.745,0.655,0.33,0.19,-19.95,-63.15
199/300,101.4,0.74,0.19,-39.86,0.04,0.09,446.13,21.12 ,0.78,0.7,0.28,0.1,-18.74,-60.98
200/300,100.74,0.7,0.65,-44.95,0.033,1.22,126.25,11.24 ,0.733,0.667,1.87,0,-33.71,-56.19
201/300,98.42,0.57,0.35,-55.93,0.053,0.26,267.21,16.35 ,0.623,0.517,0.61,0.09,-39.58,-72.28
202/300,99.57,0.56,1.01,-55.93,0.047,0.91,349.98,18.71 ,0.607,0.513,1.92,0.1,-37.22,-74.64
203/300,98.9,0.57,0.85,-53.92,0.051,2.07,392.32,19.81 ,0.621,0.519,2.92,0,-34.11,-73.73
204/300,100.17,0.6,0.62,-51.56,0.054,0.07,340.03,18.44 ,0.654,0.546,0.69,0.55,-33.12,-70
205/300,101.45,0.64,0.54,-47.41,0.044,0.23,296.17,17.21 ,0.684,0.596,0.77,0.31,-30.2,-64.62
206/300,100.9,0.62,0.38,-48.69,0.049,0.12,308.02,17.55 ,0.669,0.571,0.5,0.26,-31.14,-66.24
207/300,100.04,0.68,0.62,-46.34,0.079,0.7,479.5,21.90 ,0.759,0.601,1.32,0,-24.44,-68.24
208/300,102.29,0.55,0.76,-57.11,0.011,0.08,68.67,8.29 ,0.561,0.539,0.84,0.68,-48.82,-65.4
209/300,101.19,0.52,1.04,-57.93,0.009,0.83,73.6,8.58 ,0.529,0.511,1.87,0.21,-49.35,-66.51
210/300,100.86,0.56,0.53,-53.74,0.029,0.38,142.66,11.94 ,0.589,0.531,0.91,0.15,-41.8,-65.68
211/300,101.61,0.66,0.56,-48.45,0.023,0.14,109.43,10.46 ,0.683,0.637,0.7,0.42,-37.99,-58.91
212/300,99.76,0.6,0.75,-52.9,0.011,0.1,70.06,8.37 ,0.611,0.589,0.85,0.65,-44.53,-61.27
213/300,100.41,0.63,0.39,-49.69,0.022,0.08,161.66,12.71 ,0.652,0.608,0.47,0.31,-36.98,-62.4
214/300,101.15,0.68,0.56,-47.71,0.033,0.38,118.83,10.90 ,0.713,0.647,0.94,0.18,-36.81,-58.61
215/300,101.57,0.73,0.74,-43.59,0.006,0,51.34,7.17 ,0.736,0.724,0.74,0.74,-36.42,-50.76
216/300,101.7,0.75,1.2,-42.41,0.007,0.28,49.81,7.06 ,0.757,0.743,1.48,0.92,-35.35,-49.47
217/300,101.79,0.78,0.88,-37.29,0.013,0.94,77.36,8.80 ,0.793,0.767,1.82,0,-28.49,-46.09
218/300,100.97,0.78,0.87,-41.61,0.009,0.67,60.49,7.78 ,0.789,0.771,1.54,0.2,-33.83,-49.39
219/300,102.05,0.79,0.91,-38.47,0.005,0.68,29.15,5.40 ,0.795,0.785,1.59,0.23,-33.07,-43.87
220/300,100.45,0.76,1.11,-39.81,0.009,1.05,49.73,7.05 ,0.769,0.751,2.16,0.06,-32.76,-46.86
221/300,102.19,0.79,1.74,-37.97,0.001,1.03,19.75,4.44 ,0.791,0.789,2.77,0.71,-33.53,-42.41
222/300,102.35,0.76,1.89,-38.82,0.01,2.45,104.84,10.24 ,0.77,0.75,4.34,0,-28.58,-49.06
223/300,100.63,0.84,1.29,-36.07,0.001,1.42,20.15,4.49 ,0.841,0.839,2.71,0,-31.58,-40.56
224/300,104.56,0.85,2.19,-35.06,0.006,4.73,61.42,7.84 ,0.856,0.844,6.92,0,-27.22,-42.9
225/300,100.61,0.67,1.2,-50.39,0.07,0.48,371.77,19.28 ,0.74,0.6,1.68,0.72,-31.11,-69.67
226/300,101.63,0.73,1.7,-46.14,0.062,0.99,246.07,15.69 ,0.792,0.668,2.69,0.71,-30.45,-61.83
227/300,101.86,0.68,2.98,-49.6,0.032,3.15,144.27,12.01 ,0.712,0.648,6.13,0,-37.59,-61.61
228/300,101.47,0.66,3,-52.12,0.053,3.53,317.83,17.83 ,0.713,0.607,6.53,0,-34.29,-69.95
229/300,101.55,0.66,2.05,-51.04,0.015,1.78,72.8,8.53 ,0.675,0.645,3.83,0.27,-42.51,-59.57
230/300,100.52,0.74,2.3,-45.35,0.017,2.14,89.3,9.45 ,0.757,0.723,4.44,0.16,-35.9,-54.8
231/300,101.47,0.71,1.82,-45.36,0.016,1.07,82.73,9.10 ,0.726,0.694,2.89,0.75,-36.26,-54.46
232/300,102.08,0.71,2.67,-48.09,0.024,2.21,76.35,8.74 ,0.734,0.686,4.88,0.46,-39.35,-56.83
233/300,101.24,0.73,2.69,-44.44,0.028,2.01,142.71,11.95 ,0.758,0.702,4.7,0.68,-32.49,-56.39
234/300,101.91,0.71,2.1,-46.43,0.051,3.85,177.17,13.31 ,0.761,0.659,5.95,0,-33.12,-59.74
235/300,103.45,0.79,1.58,-38.82,0.017,1.35,101.48,10.07 ,0.807,0.773,2.93,0.23,-28.75,-48.89
236/300,102.61,0.75,1.5,-42.33,0.017,1.7,52.8,7.27 ,0.767,0.733,3.2,0,-35.06,-49.6
237/300,102.9,0.79,3.85,-41.04,0.004,6.08,9.83,3.14 ,0.794,0.786,9.93,0,-37.9,-44.18
238/300,102.51,0.76,3.32,-44.04,0.012,0.87,38.23,6.18 ,0.772,0.748,4.19,2.45,-37.86,-50.22
239/300,102.49,0.81,2.43,-39.16,0.01,2.26,31.9,5.65 ,0.82,0.8,4.69,0.17,-33.51,-44.81
240/300,101.84,0.82,2.14,-37.29,0.009,0.31,31.95,5.65 ,0.829,0.811,2.45,1.83,-31.64,-42.94
241/300,101.8,0.81,3.01,-39.67,0.006,10.79,34.71,5.89 ,0.816,0.804,13.8,0,-33.78,-45.56
242/300,102.86,0.83,1.56,-40.18,0.006,1.48,14.01,3.74 ,0.836,0.824,3.04,0.08,-36.44,-43.92
243/300,102.51,0.83,3.1,-39.26,0.014,4.4,35.45,5.95 ,0.844,0.816,7.5,0,-33.31,-45.21
244/300,103.15,0.84,1.67,-36.8,0.004,0.87,25.54,5.05 ,0.844,0.836,2.54,0.8,-31.75,-41.85
245/300,102.41,0.8,3.41,-40.65,0.001,4.86,0.3,0.55 ,0.801,0.799,8.27,0,-40.1,-41.2
246/300,101.06,0.88,2.73,-34.8,0.001,5.92,12.08,3.48 ,0.881,0.879,8.65,0,-31.32,-38.28
247/300,99.89,0.88,2.89,-34.88,0.005,0.27,23.53,4.85 ,0.885,0.875,3.16,2.62,-30.03,-39.73
248/300,101.02,0.85,3.27,-34.86,0.001,4.05,1.87,1.37 ,0.851,0.849,7.32,0,-33.49,-36.23
249/300,104.38,0.87,3.46,-35.2,0.006,0.24,19.68,4.44 ,0.876,0.864,3.7,3.22,-30.76,-39.64
250/300,102.69,0.9,2.66,-31.58,0.001,0.63,14.16,3.76 ,0.901,0.899,3.29,2.03,-27.82,-35.34
251/300,102.98,0.88,2.2,-33.36,0,1.29,1.72,1.31 ,0.88,0.88,3.49,0.91,-32.05,-34.67
252/300,103.12,0.89,3.19,-34.7,0.002,0.12,3.63,1.91 ,0.892,0.888,3.31,3.07,-32.79,-36.61
253/300,103.14,0.87,2.75,-32.59,0.003,3.99,3.61,1.90 ,0.873,0.867,6.74,0,-30.69,-34.49
254/300,102.67,0.89,2.19,-33.09,0,0.67,2.75,1.66 ,0.89,0.89,2.86,1.52,-31.43,-34.75
255/300,102.22,0.89,3.11,-31.72,0,2.77,6.59,2.57 ,0.89,0.89,5.88,0.34,-29.15,-34.29
256/300,102.42,0.86,4.14,-34.42,0,1.01,1.17,1.08 ,0.86,0.86,5.15,3.13,-33.34,-35.5
257/300,100.82,0.91,2.68,-33.6,0.002,1.41,0.29,0.54 ,0.912,0.908,4.09,1.27,-33.06,-34.14
258/300,104.04,0.9,3.36,-31.84,0.002,2.18,18.8,4.34 ,0.902,0.898,5.54,1.18,-27.5,-36.18
259/300,102.83,0.89,3.68,-35.02,0.001,0.29,1.05,1.02 ,0.891,0.889,3.97,3.39,-34,-36.04
260/300,102.52,0.89,3.62,-33.44,0.002,1.19,8.58,2.93 ,0.892,0.888,4.81,2.43,-30.51,-36.37
261/300,104.38,0.84,4.13,-36.21,0.001,1.68,5.36,2.32 ,0.841,0.839,5.81,2.45,-33.89,-38.53
262/300,102.42,0.93,2.84,-29.98,0.001,1.29,11.37,3.37 ,0.931,0.929,4.13,1.55,-26.61,-33.35
263/300,103.5,0.87,4.2,-35.6,0.007,8.86,72.54,8.52 ,0.877,0.863,13.06,0,-27.08,-44.12
264/300,103.7,0.87,3.05,-32.77,0.001,1.29,11.41,3.38 ,0.871,0.869,4.34,1.76,-29.39,-36.15
265/300,104.73,0.87,4.29,-34.44,0,1.72,1.46,1.21 ,0.87,0.87,6.01,2.57,-33.23,-35.65
266/300,102.02,0.89,3.79,-33.76,0.002,2.18,18.18,4.26 ,0.892,0.888,5.97,1.61,-29.5,-38.02
267/300,103.79,0.88,4.52,-35.13,0.001,2.3,26.77,5.17 ,0.881,0.879,6.82,2.22,-29.96,-40.3
268/300,102.96,0.87,4.61,-34.05,0.002,4.38,26.35,5.13 ,0.872,0.868,8.99,0.23,-28.92,-39.18
269/300,102.3,0.88,4.26,-34.49,0.002,2.12,0.69,0.83 ,0.882,0.878,6.38,2.14,-33.66,-35.32
270/300,104.47,0.88,3.3,-32.88,0.002,0.36,10.78,3.28 ,0.882,0.878,3.66,2.94,-29.6,-36.16
271/300,100.24,0.91,2.91,-30.51,0.001,0.23,2.43,1.56 ,0.911,0.909,3.14,2.68,-28.95,-32.07
272/300,103.04,0.92,2.68,-31.92,0.002,1.96,3.3,1.82 ,0.922,0.918,4.64,0.72,-30.1,-33.74
273/300,103.89,0.9,2.79,-32.25,0.005,3.53,21.94,4.68 ,0.905,0.895,6.32,0,-27.57,-36.93
274/300,102.82,0.9,4.02,-33.76,0,0.19,6.63,2.57 ,0.9,0.9,4.21,3.83,-31.19,-36.33
275/300,101.79,0.91,3.6,-31.22,0,0.61,1.66,1.29 ,0.91,0.91,4.21,2.99,-29.93,-32.51
276/300,103.43,0.91,3.53,-31.82,0.002,1.3,5.64,2.37 ,0.912,0.908,4.83,2.23,-29.45,-34.19
277/300,103.24,0.89,2.65,-31.43,0.002,0.34,14.2,3.77 ,0.892,0.888,2.99,2.31,-27.66,-35.2
278/300,104.2,0.9,4.06,-31.53,0,0.67,1.94,1.39 ,0.9,0.9,4.73,3.39,-30.14,-32.92
279/300,103.23,0.88,2.37,-31.15,0.001,1.5,15.46,3.93 ,0.881,0.879,3.87,0.87,-27.22,-35.08
280/300,102.89,0.89,2.5,-30.98,0,0.91,9.22,3.04 ,0.89,0.89,3.41,1.59,-27.94,-34.02
281/300,104.48,0.88,4.26,-33.26,0,2.88,6.63,2.57 ,0.88,0.88,7.14,1.38,-30.69,-35.83
282/300,103.11,0.91,2.93,-30.32,0,0.8,0.34,0.58 ,0.91,0.91,3.73,2.13,-29.74,-30.9
283/300,102.82,0.88,3.09,-32.94,0.003,1.19,17.17,4.14 ,0.883,0.877,4.28,1.9,-28.8,-37.08
284/300,103.78,0.84,3.54,-34.48,0.011,2.05,17.73,4.21 ,0.851,0.829,5.59,1.49,-30.27,-38.69
285/300,103.03,0.92,3.36,-31.67,0,1.97,2.71,1.65 ,0.92,0.92,5.33,1.39,-30.02,-33.32
286/300,103.21,0.86,3.6,-33.81,0.001,0.25,3.08,1.75 ,0.861,0.859,3.85,3.35,-32.06,-35.56
287/300,103.25,0.91,2.32,-31.37,0,0.69,2.91,1.71 ,0.91,0.91,3.01,1.63,-29.66,-33.08
288/300,104.37,0.92,3.44,-31.8,0.001,0.03,4.31,2.08 ,0.921,0.919,3.47,3.41,-29.72,-33.88
289/300,102.66,0.87,5.22,-36.35,0,5.08,13.85,3.72 ,0.87,0.87,10.3,0.14,-32.63,-40.07
290/300,103.75,0.87,3.59,-33.71,0,0.74,2.67,1.63 ,0.87,0.87,4.33,2.85,-32.08,-35.34
291/300,102.11,0.91,2.69,-29.96,0.001,2.06,6.57,2.56 ,0.911,0.909,4.75,0.63,-27.4,-32.52
292/300,104.48,0.9,3.33,-31.14,0,0.28,0.79,0.89 ,0.9,0.9,3.61,3.05,-30.25,-32.03
293/300,102.74,0.91,3.08,-29.91,0.001,0.57,10.99,3.32 ,0.911,0.909,3.65,2.51,-26.59,-33.23
294/300,104.06,0.91,3.23,-30.53,0.002,4.02,16.35,4.04 ,0.912,0.908,7.25,0,-26.49,-34.57
295/300,101.92,0.91,4.61,-32.12,0,1.63,8.54,2.92 ,0.91,0.91,6.24,2.98,-29.2,-35.04
296/300,104.12,0.9,3.31,-30.96,0.001,1.28,3.43,1.85 ,0.901,0.899,4.59,2.03,-29.11,-32.81
297/300,102.69,0.91,3.02,-29.9,0,0.1,4.2,2.05 ,0.91,0.91,3.12,2.92,-27.85,-31.95
298/300,102.98,0.89,3.73,-31.05,0.003,5.11,43.33,6.58 ,0.893,0.887,8.84,0,-24.47,-37.63
299/300,104.5,0.91,2.97,-29.97,0.002,2.36,7.6,2.76 ,0.912,0.908,5.33,0.61,-27.21,-32.73
300/300,105.39,0.9,3.2,-31.1,0,0.08,0.13,0.36 ,0.9,0.9,3.28,3.12,-30.74,-31.46
